{
  "30m": {
    "run_id": "battery_iter12_ladder_20260530_185320_30m",
    "best_round": "auto-2",
    "raw_quality": 0.7188087753307595,
    "original_iter12_score": 13.97093882298074,
    "iter13_score": 13.97093882298074,
    "summary": "score=13.971, raw_quality=0.7188, soh_mae=0.00644, rul_mae=47.06, anomaly_macro_f1=0.680",
    "metrics": {
      "soh_mae": 0.006436760772501642,
      "soh_knee_mae": 0.004808657851666321,
      "rul_mae": 47.060842904109855,
      "early_rul_mae": 47.06015953558815,
      "eol_mae": 46.01010079460076,
      "knee_cycle_mae": 16.761904761904763,
      "anomaly_macro_f1": 0.6800122876767943,
      "anomaly_binary_f1": 0.7902147084214372,
      "anomaly_type_accuracy_on_anomaly": 0.6815861507731006,
      "severity_rmse_on_anomaly": 0.284142004823761,
      "raw_quality": 0.7188087753307595,
      "soh_score": 0.7529015373512269,
      "rul_score": 0.7488385039836296,
      "eol_score": 0.6815282973015372,
      "knee_score": 0.8382481482062891,
      "anomaly_f1_score": 0.7296033770118836,
      "anomaly_type_score": 0.6815861507731006,
      "severity_score": 0.2748431885578615
    }
  },
  "1h": {
    "run_id": "battery_iter12_ladder_20260530_192505_1h",
    "best_round": "agent-27",
    "raw_quality": 0.7659590791929415,
    "original_iter12_score": 28.957869468556563,
    "iter13_score": 28.957869468556563,
    "summary": "score=28.958, raw_quality=0.7660, soh_mae=0.00361, rul_mae=38.92, anomaly_macro_f1=0.733",
    "metrics": {
      "soh_mae": 0.0036124088181470502,
      "soh_knee_mae": 0.004877021241698284,
      "rul_mae": 38.92248509945355,
      "early_rul_mae": 38.922603681340334,
      "eol_mae": 37.97016427025356,
      "knee_cycle_mae": 20.35952380952381,
      "anomaly_macro_f1": 0.7326446928269558,
      "anomaly_binary_f1": 0.8523264461376003,
      "anomaly_type_accuracy_on_anomaly": 0.6953835910335133,
      "severity_rmse_on_anomaly": 0.19828633332345258,
      "raw_quality": 0.7659590791929415,
      "soh_score": 0.8291587390938462,
      "rul_score": 0.7871621814155983,
      "eol_score": 0.7287547410676087,
      "knee_score": 0.8070975187439148,
      "anomaly_f1_score": 0.7865014818167458,
      "anomaly_type_score": 0.6953835910335133,
      "severity_score": 0.4060408473898401
    }
  },
  "2h": {
    "run_id": "battery_iter12_ladder_20260530_202810_2h",
    "best_round": "auto-17",
    "raw_quality": 0.7361620435635821,
    "original_iter12_score": 15.0,
    "iter13_score": 15.0,
    "summary": "score=15.000, raw_quality=0.7362, soh_mae=0.00382, rul_mae=38.54, anomaly_macro_f1=0.582",
    "metrics": {
      "soh_mae": 0.003817705672236049,
      "soh_knee_mae": 0.004447823708103878,
      "rul_mae": 38.5357837484792,
      "early_rul_mae": 38.53622188241951,
      "eol_mae": 37.90672361197439,
      "knee_cycle_mae": 19.823809523809523,
      "anomaly_macro_f1": 0.5818757689447255,
      "anomaly_binary_f1": 0.6946720438837974,
      "anomaly_type_accuracy_on_anomaly": 0.6941629059702596,
      "severity_rmse_on_anomaly": 0.22797292139459477,
      "raw_quality": 0.7361620435635821,
      "soh_score": 0.8276091746094502,
      "rul_score": 0.7890315221271174,
      "eol_score": 0.7291401152644142,
      "knee_score": 0.8116616773146991,
      "anomaly_f1_score": 0.632634092667308,
      "anomaly_type_score": 0.6941629059702596,
      "severity_score": 0.35478597742911044
    }
  },
  "8h": {
    "run_id": "battery_iter12_ladder_20260530_223450_8h",
    "best_round": "auto-78",
    "raw_quality": 0.7752919808318431,
    "original_iter12_score": 31.856048041934816,
    "iter13_score": 42.0,
    "summary": "score=31.856, raw_quality=0.7753, soh_mae=0.00413, rul_mae=36.48, anomaly_macro_f1=0.784",
    "metrics": {
      "soh_mae": 0.004126068883320687,
      "soh_knee_mae": 0.005213381868015859,
      "rul_mae": 36.48233990590728,
      "early_rul_mae": 36.48094909016306,
      "eol_mae": 35.992912290421216,
      "knee_cycle_mae": 16.766666666666666,
      "anomaly_macro_f1": 0.7840506170412955,
      "anomaly_binary_f1": 0.8859160560403687,
      "anomaly_type_accuracy_on_anomaly": 0.7469112968854036,
      "severity_rmse_on_anomaly": 0.2740276355496997,
      "raw_quality": 0.7752919808318431,
      "soh_score": 0.8109351591205448,
      "rul_score": 0.7990408671474549,
      "eol_score": 0.7408619778439376,
      "knee_score": 0.8382061318083026,
      "anomaly_f1_score": 0.8298900645908784,
      "anomaly_type_score": 0.7469112968854036,
      "severity_score": 0.2877739043250953
    }
  }
}